

DROP TABLE LINEAPEDIDO;
DROP TABLE REFERENCIA;
DROP TABLE VINO;
DROP TABLE BODEGA;
DROP TABLE LINEACOMPRA;
DROP TABLE COMPRA;
DROP TABLE PEDIDO;
DROP TABLE ESTADOPEDIDO;
DROP TABLE PREFERENCIA;
DROP TABLE ABONADO;
DROP TABLE FACTURA;
DROP TABLE ESTADOFACTURA;
DROP TABLE EMPLEADO;
DROP TABLE PERSONA;


CREATE TABLE PERSONA (
    NIF VARCHAR(9) PRIMARY KEY,
    NOMBRE VARCHAR(50) NOT NULL,
    APELLIDOS VARCHAR(50) NOT NULL,
    DIRECCION VARCHAR(50) NOT NULL,
    TELEFONO VARCHAR(50) NOT NULL,
    EMAIL VARCHAR(50) NOT NULL,
    CUENTABANCARIA VARCHAR(30)
);

INSERT INTO PERSONA VALUES ('123456789', 'Coke', 'Cuadrado', 'C/Falsa 123', '+34 666 666 666', 'email@example.com', '111222333444555666');
INSERT INTO PERSONA VALUES ('223456789', 'Alvaro', 'Garzo', 'C/Falsa 123', '+34 666 666 666', 'email@example.com', '111222333444555666');



CREATE TABLE EMPLEADO (
    LOGIN VARCHAR(20) PRIMARY KEY,
    NIF VARCHAR(9) NOT NULL,
    PASSWORD VARCHAR(20) NOT NULL,
    FECHAINICIO DATE NOT NULL,
    TIPOEMPLEADO CHAR NOT NULL CHECK (TIPOEMPLEADO = 'C' OR TIPOEMPLEADO = 'P' OR TIPOEMPLEADO = 'A'),
    FOREIGN KEY (NIF) REFERENCES PERSONA(NIF)
);

INSERT INTO EMPLEADO VALUES ('asdf', '123456789', 'qwert', '2015-06-10', 'C');


CREATE TABLE ESTADOFACTURA(
    CLAVE CHAR PRIMARY KEY,
    NOMBRE VARCHAR(20) NOT NULL
);
INSERT INTO ESTADOFACTURA(CLAVE,NOMBRE) VALUES('V','VENCIDA');
INSERT INTO ESTADOFACTURA(CLAVE,NOMBRE) VALUES('C','COM');

CREATE TABLE FACTURA(
    NUMEROFACTURA INTEGER not null PRIMARY KEY GENERATED ALWAYS AS IDENTITY (START WITH 1, INCREMENT BY 1),
    FECHAEMISION DATE,
    IMPORTE REAL NOT NULL,
    ESTADO CHAR NOT NULL CHECK (ESTADO = 'V' OR ESTADO = 'C' OR ESTADO = 'R' OR ESTADO = 'G'),
    FECHAPAGO DATE,
    IDEXTRACTOBANCARIO VARCHAR(30),
    FOREIGN KEY (ESTADO) REFERENCES ESTADOFACTURA(CLAVE)
);
INSERT INTO FACTURA(IMPORTE,ESTADO) VALUES(5,'V');
INSERT INTO FACTURA(IMPORTE,ESTADO) VALUES(5,'C');

CREATE TABLE ABONADO(
    NUMEROABONADO INTEGER PRIMARY KEY,
    NIF VARCHAR(9) NOT NULL,
    LOGIN VARCHAR(15) NOT NULL UNIQUE,
    PASSWORD VARCHAR(15) NOT NULL,
    FOREIGN KEY (NIF) REFERENCES PERSONA(NIF)
);
INSERT INTO ABONADO(NUMEROABONADO, NIF, LOGIN, PASSWORD) VALUES(1, '123456789', 'luchurt','1234');
INSERT INTO ABONADO(NUMEROABONADO, NIF, LOGIN, PASSWORD) VALUES(2, '223456789', 'jorcuad','1234');

CREATE TABLE ESTADOPEDIDO(
    CLAVE CHAR PRIMARY KEY,
    NOMBRE VARCHAR(20) NOT NULL
);

INSERT INTO ESTADOPEDIDO VALUES ('P', 'PENDIENTE');
INSERT INTO ESTADOPEDIDO VALUES ('T', 'TRAMITADO');
INSERT INTO ESTADOPEDIDO VALUES ('C', 'COMPLETADO');
INSERT INTO ESTADOPEDIDO VALUES ('S', 'SERVIDO');
INSERT INTO ESTADOPEDIDO VALUES ('F', 'FACTURADO');
INSERT INTO ESTADOPEDIDO VALUES ('A', 'ABONADO');

CREATE TABLE PEDIDO(
    NUMERO INTEGER PRIMARY KEY,
    ESTADO CHAR,
    FECHAREALIZACION DATE,
    NOTAENTREGA VARCHAR(200),
    IMPORTE REAL NOT NULL,
    FECHARECEPCION DATE,
    FECHAENTREGA DATE,
    NUMEROFACTURA INTEGER,
    ABONADO INTEGER,
    NIF VARCHAR(20),
    FOREIGN KEY(ESTADO) REFERENCES ESTADOPEDIDO(CLAVE)
    /*FOREIGN KEY(NUMEROFACTURA) REFERENCES FACTURA(NUMEROFACTURA),
    FOREIGN KEY(ABONADO) REFERENCES ABONADO(NUMEROABONADO)*/
);
INSERT INTO PEDIDO(NUMERO, ESTADO, NUMEROFACTURA, ABONADO, IMPORTE, NIF) VALUES (101,'P',1,1,5, '123456789');
INSERT INTO PEDIDO(NUMERO, ESTADO, NUMEROFACTURA, ABONADO, IMPORTE, NIF) VALUES (102,'P',2,2,5, '223456789');
INSERT INTO PEDIDO(NUMERO, ESTADO, NUMEROFACTURA, ABONADO, IMPORTE, NIF) VALUES (103,'C',3,2,5, '223456789');
INSERT INTO PEDIDO(NUMERO, ESTADO, NUMEROFACTURA, ABONADO, IMPORTE, NIF) VALUES (104,'P',4,1,5, '123456789');
INSERT INTO PEDIDO(NUMERO, ESTADO, NUMEROFACTURA, ABONADO, IMPORTE, NIF) VALUES (105,'F',5,2,5, '223456789');
INSERT INTO PEDIDO(NUMERO, ESTADO, NUMEROFACTURA, ABONADO, IMPORTE, NIF) VALUES (106,'C',6,2,5, '223456789');

CREATE TABLE COMPRA(
    IDCOMPRA INTEGER PRIMARY KEY GENERATED ALWAYS AS IDENTITY (START WITH 1, INCREMENT BY 1),
    FECHAINICIOCOMPRA DATE NOT NULL,
    RECIBIDACOMPLETA CHAR NOT NULL CHECK (RECIBIDACOMPLETA = 'T' OR RECIBIDACOMPLETA = 'F'),
    FECHACOMPRACOMPLETADA DATE,
    IMPORTE REAL NOT NULL,
    PAGADA CHAR NOT NULL CHECK (PAGADA = 'T' OR PAGADA = 'F'),
    FECHAPAGO DATE
);

CREATE TABLE LINEACOMPRA(
    ID INTEGER PRIMARY KEY GENERATED ALWAYS AS IDENTITY (START WITH 1, INCREMENT BY 1),
    UNIDADES SMALLINT NOT NULL,
    RECIBIDA CHAR NOT NULL CHECK(RECIBIDA = 'T' OR RECIBIDA = 'F'),
    FECHARECEPCION DATE,
    IDCOMPRA INTEGER,
    IDBODEGA INTEGER,
    FOREIGN KEY(IDCOMPRA) REFERENCES COMPRA(IDCOMPRA)/*,
    FOREIGN KEY(IDBODEGA) REFERENCES BODEGA(ID)*/
);

CREATE TABLE BODEGA(
    ID INTEGER PRIMARY KEY,
    NOMBRE VARCHAR(50) NOT NULL,
    CIF VARCHAR(9) NOT NULL,
    DIRECCION VARCHAR(50) NOT NULL
);
INSERT INTO BODEGA(ID, NOMBRE, CIF, DIRECCION) VALUES (32, 'casasola','123123123','c/falsa');

CREATE TABLE VINO(
    ID INTEGER PRIMARY KEY,
    NOMBRECOMERCIAL VARCHAR(50) NOT NULL,
    ANO SMALLINT NOT NULL,
    COMENTARIO VARCHAR(200) NOT NULL,
    IDDENOMINACION INTEGER NOT NULL,
    CATEGORIA CHAR NOT NULL,
    IDBODEGA INTEGER NOT NULL,
    /*PREFERENCIA INTEGER,
    FOREIGN KEY(PREFERENCIA) REFERENCES PREFERENCIA(ID)*/
    FOREIGN KEY(IDBODEGA) REFERENCES BODEGA(ID)
);
INSERT INTO VINO (ID, NOMBRECOMERCIAL, ANO, COMENTARIO, IDDENOMINACION, CATEGORIA, IDBODEGA) VALUES (1, 'Staut',1500,'top',2,'C',32);
INSERT INTO VINO (ID, NOMBRECOMERCIAL, ANO, COMENTARIO, IDDENOMINACION, CATEGORIA, IDBODEGA) VALUES (2, 'Pale Ale',1500,'top',2,'C',32);
INSERT INTO VINO (ID, NOMBRECOMERCIAL, ANO, COMENTARIO, IDDENOMINACION, CATEGORIA, IDBODEGA) VALUES (3, 'Criek',1500,'top',2,'R',32);
INSERT INTO VINO (ID, NOMBRECOMERCIAL, ANO, COMENTARIO, IDDENOMINACION, CATEGORIA, IDBODEGA) VALUES (4, 'Double IPA',1500,'top',1,'R',32);
INSERT INTO VINO (ID, NOMBRECOMERCIAL, ANO, COMENTARIO, IDDENOMINACION, CATEGORIA, IDBODEGA) VALUES (5, 'Queens Royal',1500,'top',1,'C',32);
INSERT INTO VINO (ID, NOMBRECOMERCIAL, ANO, COMENTARIO, IDDENOMINACION, CATEGORIA, IDBODEGA) VALUES (6, 'Celebration Staut',1500,'top',1,'R',32);

CREATE TABLE REFERENCIA(
    CODIGO INTEGER PRIMARY KEY,
    ESPORCAJAS CHAR NOT NULL CHECK (ESPORCAJAS = 'T' OR ESPORCAJAS = 'F'),
    CONTENIDOENCL SMALLINT NOT NULL,
    PRECIO REAL NOT NULL,
    DISPONIBLE CHAR NOT NULL CHECK (DISPONIBLE = 'T' OR DISPONIBLE = 'F'),
    VINOID INTEGER NOT NULL,
    FOREIGN KEY(VINOID) REFERENCES VINO(ID)
);

INSERT INTO REFERENCIA (CODIGO, ESPORCAJAS, CONTENIDOENCL, PRECIO, DISPONIBLE, VINOID) VALUES (1, 'F', 33, 10, 'T', 1);
INSERT INTO REFERENCIA (CODIGO, ESPORCAJAS, CONTENIDOENCL, PRECIO, DISPONIBLE, VINOID) VALUES (2, 'F', 75, 10, 'T', 1);
INSERT INTO REFERENCIA (CODIGO, ESPORCAJAS, CONTENIDOENCL, PRECIO, DISPONIBLE, VINOID) VALUES (3, 'F', 33, 9, 'T', 1);
INSERT INTO REFERENCIA (CODIGO, ESPORCAJAS, CONTENIDOENCL, PRECIO, DISPONIBLE, VINOID) VALUES (4, 'F', 75, 6, 'T', 1);
INSERT INTO REFERENCIA (CODIGO, ESPORCAJAS, CONTENIDOENCL, PRECIO, DISPONIBLE, VINOID) VALUES (5, 'F', 33, 98, 'T', 2);
INSERT INTO REFERENCIA (CODIGO, ESPORCAJAS, CONTENIDOENCL, PRECIO, DISPONIBLE, VINOID) VALUES (6, 'F', 75, 15, 'T', 2);
INSERT INTO REFERENCIA (CODIGO, ESPORCAJAS, CONTENIDOENCL, PRECIO, DISPONIBLE, VINOID) VALUES (7, 'F', 75, 10, 'T', 2);
INSERT INTO REFERENCIA (CODIGO, ESPORCAJAS, CONTENIDOENCL, PRECIO, DISPONIBLE, VINOID) VALUES (8, 'F', 33, 25, 'T', 3);
INSERT INTO REFERENCIA (CODIGO, ESPORCAJAS, CONTENIDOENCL, PRECIO, DISPONIBLE, VINOID) VALUES (9, 'F', 75, 43, 'T', 3);
INSERT INTO REFERENCIA (CODIGO, ESPORCAJAS, CONTENIDOENCL, PRECIO, DISPONIBLE, VINOID) VALUES (10, 'F', 33, 56, 'T', 4);
INSERT INTO REFERENCIA (CODIGO, ESPORCAJAS, CONTENIDOENCL, PRECIO, DISPONIBLE, VINOID) VALUES (11, 'F', 60, 12, 'T', 5);
INSERT INTO REFERENCIA (CODIGO, ESPORCAJAS, CONTENIDOENCL, PRECIO, DISPONIBLE, VINOID) VALUES (12, 'F', 60, 7, 'T', 5);
INSERT INTO REFERENCIA (CODIGO, ESPORCAJAS, CONTENIDOENCL, PRECIO, DISPONIBLE, VINOID) VALUES (13, 'F', 122, 21, 'T', 6);
INSERT INTO REFERENCIA (CODIGO, ESPORCAJAS, CONTENIDOENCL, PRECIO, DISPONIBLE, VINOID) VALUES (14, 'F', 75, 17, 'T', 6);

CREATE TABLE LINEAPEDIDO(
    ID INTEGER PRIMARY KEY GENERATED ALWAYS AS IDENTITY (START WITH 1, INCREMENT BY 1),
    UNIDADES INTEGER NOT NULL,
    COMPLETADA CHAR NOT NULL CHECK (COMPLETADA = 'T' OR COMPLETADA = 'F'),
    CODIGOREFERENCIA INTEGER NOT NULL,
    NUMEROPEDIDO INTEGER NOT NULL,
    IDLINEACOMPRA INTEGER NOT NULL,
    FOREIGN KEY(CODIGOREFERENCIA) REFERENCES REFERENCIA(CODIGO),
    FOREIGN KEY(NUMEROPEDIDO) REFERENCES PEDIDO(NUMERO),
    FOREIGN KEY(IDLINEACOMPRA) REFERENCES LINEACOMPRA(ID)
);

CREATE TABLE Preferencia (
 id INT NOT NULL PRIMARY KEY,
 denominacion VARCHAR(50) NOT NULL,
 IDDENOMINACION INTEGER NOT NULL,
 categoria CHAR(1) NOT NULL CHECK(	categoria = 'A' OR -- Del Año
 			categoria = 'C' OR -- Crianza
 			categoria = 'R' OR -- Reserva
 			categoria = 'G'),  -- Gran Reserva,
 nif VARCHAR(9) NOT NULL,
 numeroAbonado INT NOT NULL
);

INSERT INTO PREFERENCIA (id, denominacion, iddenominacion, categoria, nif, numeroAbonado) VALUES (1, 'rioja', 2, 'C', '123456789', 1);
INSERT INTO PREFERENCIA (id, denominacion, iddenominacion, categoria, nif, numeroAbonado) VALUES (2, 'rioja', 2, 'R', '223456789', 1);
INSERT INTO PREFERENCIA (id, denominacion, iddenominacion, categoria, nif, numeroAbonado) VALUES (3, 'rivera', 1, 'C', '223456789', 2);
INSERT INTO PREFERENCIA (id, denominacion, iddenominacion, categoria, nif, numeroAbonado) VALUES (4, 'rivera', 1, 'R', '123456789', 2);

/*
INSERT INTO DENOMINACION () VALUES ();
INSERT INTO VINO (NOMBRECOMERCIAL, ANO, COMENTARIO, IDDENOMINACION, CATEGORIA, IDBODEGA) VALUES ();
INSERT INTO REFERENCIA (ESPORCAJAS, CONTENIDOENCL, PRECIO, DISPONIBLE)  VALUES ('T', 750, 9.99, 'T');
*/
